Job Title,Company Name,Vacancy Link,salary,Experience needed,skills
Software Developer,Siemens,https://www.naukri.com/job-listings-software-developer-siemens-limited-bangalore-bengaluru-0-to-6-years-290623502037,Not disclosed,0-6 Yrs,"Analytics,Software design,Development,Software development,Analytical,Coding,Architecture,VMware"
Sr. Software Developer - OCP Stack Development,IBM,https://www.naukri.com/job-listings-sr-software-developer-ocp-stack-development-ibm-india-pvt-limited-bangalore-bengaluru-7-to-9-years-280623904073,Not disclosed,7-9 Yrs,"Linux,Coding,Linux kernel,Open source,Python,Software,Open,Software development"
"Openings For Freshers # Software Developer # MNC""s # HYD , BANG , CHEN",Hindustan Consulting Services India (opc),https://www.naukri.com/job-listings-openings-for-freshers-software-developer-mnc-s-hyd-bang-chen-hindustan-consulting-services-india-opc-hyderabad-secunderabad-chennai-bangalore-bengaluru-0-to-0-years-271222004946,3-4.25 Lacs PA,0-0 Yrs,"communication skills,Development,.Net,Selenium,Manual testing,Automation,Dotnet Azure,Software"
"Opening For Frehers # Software Developer # MNC""s",Hindustan Consulting Services India (opc),https://www.naukri.com/job-listings-opening-for-frehers-software-developer-mnc-s-hindustan-consulting-services-india-opc-hyderabad-secunderabad-bangalore-bengaluru-0-to-0-years-220622001366,3.5-4.5 Lacs PA,0-0 Yrs,"Software,IT,Software development,S,Software services,Development,ITES"
"Software Developer (C#, Angular)",Siemens,https://www.naukri.com/job-listings-software-developer-c-angular-siemens-limited-bangalore-bengaluru-0-to-5-years-080623500237,Not disclosed,0-5 Yrs,"Development,Software development,Multithreading,Web development,System,Consulting,Technical,NUnit"
Sr. Software Developer - OCP Stack Development,IBM,https://www.naukri.com/job-listings-sr-software-developer-ocp-stack-development-ibm-india-pvt-limited-bangalore-bengaluru-7-to-9-years-230623906577,Not disclosed,7-9 Yrs,"OCP Stack Development,Linux Operating Systems,SR,Firmware development,Linux,Stack Development,Firmware,Linux kernel"
Integration Engineer/Software Developer,Intel,https://www.naukri.com/job-listings-integration-engineer-software-developer-intel-technology-india-pvt-ltd-bangalore-bengaluru-5-to-9-years-300623908742,Not disclosed,5-9 Yrs,"Python,Software,Angular,Software development,Application development,Javascript,Software engineering,Engineering"
"Software Developer - Be / Btech / MCA / MTech / BSc Freshers & EXP
",Balasundaram Santosh,https://www.naukri.com/job-listings-software-developer-be-btech-mca-mtech-bsc-freshers-exp-balasundaram-santosh-chennai-bangalore-bengaluru-mumbai-all-areas-0-to-5-years-110323003802,2-6 Lacs PA,0-5 Yrs,"Software Development,Software,Development Life Cycle,Project management,Application software,Handling,Engineering,Programming"
Software Developer - Freshers Bulk hiring,Aficionado Technologies,https://www.naukri.com/job-listings-software-developer-freshers-bulk-hiring-aficionado-technologies-hyderabad-secunderabad-chennai-bangalore-bengaluru-0-to-5-years-030723006369,1-6 Lacs PA,0-5 Yrs,"Software Development,Software Services,Software Engineering,software engineer,software developer,Computer,Networking,Software"
Software Developer,Hyse Placement Services,https://www.naukri.com/job-listings-software-developer-hyse-placement-services-hyderabad-secunderabad-chennai-bangalore-bengaluru-0-to-0-years-151222009260,3-5 Lacs PA,0-0 Yrs,"Fresher,Software,Software development,Development"
Software Developer,Vtech Integrated Solutions,https://www.naukri.com/job-listings-software-developer-vtech-integrated-solutions-bangalore-bengaluru-karnataka-0-to-1-years-260623902646,Not disclosed,0-1 Yrs,"Software Development,Troubleshooting,Charts,Software engineering,Algorithm Design,Flow,Debugging,Design"
Software Developer,IBM,https://www.naukri.com/job-listings-software-developer-ibm-india-pvt-limited-bangalore-bengaluru-3-to-5-years-040723909195,Not disclosed,3-5 Yrs,"Unix,Cloud computing,Software Development,Amazon Web Services,Linux,Devops,Development,Web technologies"
Software Developer,Laxmi Infotech,https://www.naukri.com/job-listings-software-developer-laxmi-infotech-chennai-bangalore-bengaluru-delhi-ncr-0-to-5-years-030623002762,3.5-8 Lacs PA,0-5 Yrs,"Application Programming,java fresher,Testing Tools,Software Engineering,ASP.Net,Tools,Software development,Development"
Software Developer,Gama Consulting Solutions,https://www.naukri.com/job-listings-software-developer-gama-consulting-solutions-bangalore-bengaluru-karnataka-0-to-2-years-280623005558,4-7 Lacs PA,0-2 Yrs,"C,Node.js,C++,Software development,Javascript,Django,Io,C#"
Job | Immediate Job opening For Software Developer,Valuepoint Knowledgeworks,https://www.naukri.com/job-listings-immediate-opening-for-software-developer-valuepoint-knowledgeworks-bangalore-bengaluru-0-to-3-years-260623001991,2-3.25 Lacs PA,0-3 Yrs,"Angularjs,Node.Js,MongoDB,React.js,Software,Software development,MySQL,GIT"
Software Developer,IBM,https://www.naukri.com/job-listings-software-developer-ibm-india-pvt-limited-bangalore-bengaluru-2-to-5-years-030723901838,Not disclosed,2-5 Yrs,"Java,Development,Openshift,Golang,Kubernetes,Automation,Project,Docker"
Opening For Software Developer-Freshers (Virtual Interview),Infity Solutions,https://www.naukri.com/job-listings-opening-for-software-developer-freshers-virtual-interview-infity-solutions-hyderabad-secunderabad-chennai-bangalore-bengaluru-0-to-2-years-060623010559,4-8.5 Lacs PA,0-2 Yrs,"Angularjs,software testing,Software Engineering,PHP,React Native,Application development,Web application,Front end"
Senior Software Developer (C++),Siemens,https://www.naukri.com/job-listings-senior-software-developer-c-siemens-limited-bangalore-bengaluru-0-to-8-years-300523502270,Not disclosed,0-8 Yrs,"Consulting,Software design,Analytical,Software,Agile,Software development,C++,VMware"
Software Developer,Teamlease Digital,https://www.naukri.com/job-listings-software-developer-teamlease-digital-kolkata-pune-ahmedabad-chennai-bangalore-bengaluru-delhi-ncr-mumbai-all-areas-5-to-10-years-300623002377,6-15 Lacs PA,5-10 Yrs,"abinitio,Data warehousing,ETL,Software,Software development,Data,SQL,Warehouse"
Software Developer,Tech Mahindra,https://www.naukri.com/job-listings-software-developer-tech-mahindra-noida-bangalore-bengaluru-5-to-10-years-280623906611,4-7 Lacs PA,5-10 Yrs,"Software development,React Native,Native,Software,React.js,Development"
